{
    "header": {
        "refTime": "2023-07-21T16:57:00.000Z",
        "nx": 21,
        "ny": 33,
        "lo1": 113.509,
        "la1": 22.2235,
        "lo2": 113.5947,
        "la2": 22.1034,
        "dx": 0.0042850000000001385,
        "dy": 0.003753125000000024,
        "parameterCategory": 0,
        "parameterCategoryName": "Temperature",
        "parameterNumber": 0
    },
    "z": [
        [
            60.38,
            60.33,
            60.27,
            60.2,
            60.1,
            59.96,
            59.81,
            59.66,
            59.62,
            59.77,
            59.44,
            59.66,
            59.83,
            59.92,
            62.8,
            63.14,
            63.68,
            63.86,
            63.98,
            64.07
        ],
        [
            60.4,
            60.35,
            60.29,
            60.21,
            60.1,
            59.93,
            59.69,
            59.38,
            59.19,
            59.51,
            59.43,
            59.76,
            59.97,
            60.06,
            62.92,
            63.52,
            63.8,
            64.02,
            64.16,
            64.24
        ],
        [
            59.87,
            59.84,
            60.33,
            60.26,
            60.14,
            59.97,
            59.68,
            59.15,
            58.29,
            59.3,
            59.51,
            59.96,
            60.22,
            60.27,
            63.21,
            63.61,
            63.98,
            64.25,
            64.41,
            64.46
        ],
        [
            59.93,
            59.91,
            59.87,
            60.33,
            60.24,
            60.1,
            59.86,
            59.47,
            59.12,
            59.66,
            59.74,
            60.32,
            60.65,
            62.69,
            63.18,
            63.76,
            64.28,
            64.62,
            64.75,
            64.74
        ],
        [
            59.99,
            59.99,
            59.97,
            59.96,
            59.92,
            60.32,
            60.21,
            60.08,
            60.04,
            60.27,
            59.98,
            60.71,
            61.7,
            62.51,
            63.2,
            64.03,
            64.78,
            65.2,
            65.23,
            65.07
        ],
        [
            60.06,
            60.07,
            60.08,
            60.1,
            60.14,
            60.18,
            60.01,
            60.65,
            60.69,
            60.75,
            61.04,
            60.97,
            61.3,
            61.0,
            63.28,
            64.45,
            65.63,
            66.13,
            65.84,
            65.43
        ],
        [
            59.46,
            60.14,
            60.18,
            60.24,
            60.33,
            60.47,
            60.7,
            60.69,
            60.77,
            61.16,
            60.81,
            60.2,
            60.29,
            60.47,
            63.34,
            64.87,
            66.83,
            67.56,
            67.71,
            67.27
        ],
        [
            62.0,
            62.0,
            62.0,
            62.0,
            62.0,
            60.0,
            60.39,
            61.26,
            61.8,
            61.01,
            60.21,
            59.8,
            59.73,
            60.46,
            65.28,
            64.19,
            66.38,
            67.17,
            65.93,
            65.09
        ],
        [
            62.0,
            62.0,
            62.0,
            62.0,
            62.0,
            62.0,
            62.0,
            60.97,
            60.97,
            60.88,
            60.6,
            60.06,
            59.98,
            60.42,
            65.02,
            63.79,
            65.07,
            65.6,
            65.29,
            64.82
        ],
        [
            62.0,
            62.0,
            62.0,
            62.0,
            62.0,
            62.0,
            62.0,
            62.0,
            60.52,
            62.0,
            60.8,
            60.45,
            60.34,
            64.08,
            64.96,
            63.37,
            64.18,
            64.61,
            64.62,
            64.43
        ],
        [
            62.0,
            62.0,
            62.0,
            62.0,
            62.0,
            62.0,
            62.0,
            62.0,
            62.0,
            62.0,
            59.0,
            59.0,
            59.0,
            64.42,
            64.99,
            63.08,
            63.63,
            63.98,
            64.06,
            63.99
        ],
        [
            62.0,
            62.0,
            62.0,
            62.0,
            62.0,
            62.0,
            62.0,
            62.0,
            62.0,
            -999.0,
            59.0,
            59.0,
            59.0,
            59.0,
            65.22,
            62.7,
            63.06,
            70.14,
            70.11,
            70.1
        ],
        [
            62.0,
            62.0,
            62.0,
            62.0,
            62.0,
            62.0,
            62.0,
            62.0,
            62.0,
            -999.0,
            -999.0,
            59.0,
            59.0,
            66.83,
            63.39,
            69.73,
            69.71,
            69.96,
            69.92,
            69.9
        ],
        [
            66.0,
            66.0,
            66.0,
            66.0,
            66.0,
            66.0,
            66.0,
            66.0,
            66.0,
            66.0,
            -999.0,
            71.0,
            71.0,
            71.0,
            64.4,
            69.89,
            69.86,
            70.11,
            70.06,
            70.02
        ],
        [
            66.0,
            66.0,
            66.0,
            66.0,
            66.0,
            66.0,
            66.0,
            66.0,
            66.0,
            66.0,
            66.0,
            67.92,
            71.0,
            71.0,
            71.0,
            70.08,
            70.02,
            70.26,
            70.18,
            70.12
        ],
        [
            66.0,
            66.0,
            66.0,
            66.0,
            66.0,
            66.0,
            66.0,
            66.0,
            66.0,
            66.0,
            69.15,
            68.79,
            69.27,
            69.68,
            69.22,
            72.47,
            72.69,
            72.3,
            71.58,
            71.61
        ],
        [
            66.0,
            66.0,
            66.0,
            66.0,
            66.0,
            66.0,
            66.0,
            66.0,
            66.0,
            66.0,
            68.15,
            68.77,
            69.42,
            70.02,
            70.85,
            72.04,
            72.41,
            72.7,
            72.91,
            73.05
        ],
        [
            66.0,
            66.0,
            66.0,
            66.0,
            66.0,
            66.0,
            66.0,
            66.0,
            66.0,
            67.27,
            67.94,
            68.69,
            69.47,
            70.77,
            70.99,
            71.93,
            72.45,
            72.79,
            73.01,
            73.15
        ],
        [
            66.0,
            66.0,
            66.0,
            66.0,
            66.0,
            66.0,
            66.0,
            66.0,
            66.45,
            66.97,
            68.37,
            69.03,
            70.35,
            70.77,
            71.85,
            72.24,
            72.67,
            72.98,
            73.16,
            73.27
        ],
        [
            69.01,
            68.94,
            68.85,
            68.72,
            68.53,
            68.27,
            67.86,
