{
    "header": {
        "refTime": "2023-07-21T16:57:00.000Z",
        "nx": 21,
        "ny": 33,
        "lo1": 113.509,
        "la1": 22.2235,
        "lo2": 113.5947,
        "la2": 22.1034,
        "dx": 0.0042850000000001385,
        "dy": 0.003753125000000024,
        "parameterCategory": 0,
        "parameterCategoryName": "Temperature",
        "parameterNumber": 0
    },
    "z": [
        [
            33.23,
            33.23,
            33.24,
            33.24,
            33.25,
            33.26,
            33.27,
            33.27,
            33.28,
            33.26,
            33.42,
            33.41,
            33.41,
            33.41,
            32.89,
            32.85,
            33.01,
            32.99,
            32.97,
            32.96
        ],
        [
            33.23,
            33.23,
            33.24,
            33.24,
            33.25,
            33.26,
            33.28,
            33.3,
            33.31,
            33.28,
            33.41,
            33.4,
            33.39,
            33.4,
            32.88,
            33.03,
            32.99,
            32.96,
            32.95,
            32.94
        ],
        [
            33.31,
            33.31,
            33.23,
            33.24,
            33.25,
            33.26,
            33.28,
            33.32,
            33.38,
            33.3,
            33.4,
            33.37,
            33.36,
            33.37,
            33.06,
            33.01,
            32.96,
            32.93,
            32.91,
            32.91
        ],
        [
            33.3,
            33.3,
            33.31,
            33.24,
            33.24,
            33.25,
            33.27,
            33.29,
            33.32,
            33.27,
            33.39,
            33.33,
            33.29,
            33.09,
            33.05,
            32.99,
            32.92,
            32.88,
            32.86,
            32.86
        ],
        [
            33.3,
            33.3,
            33.3,
            33.3,
            33.3,
            33.24,
            33.25,
            33.26,
            33.26,
            33.23,
            33.4,
            33.29,
            33.11,
            33.1,
            33.06,
            32.95,
            32.85,
            32.79,
            32.79,
            32.81
        ],
        [
            33.3,
            33.3,
            33.3,
            33.29,
            33.29,
            33.29,
            33.45,
            33.23,
            33.22,
            33.2,
            33.41,
            33.38,
            33.26,
            33.37,
            33.07,
            32.9,
            32.72,
            32.65,
            32.7,
            32.76
        ],
        [
            33.33,
            33.29,
            33.29,
            33.29,
            33.28,
            33.28,
            33.27,
            33.39,
            33.39,
            33.41,
            33.5,
            33.66,
            33.63,
            33.56,
            33.09,
            32.85,
            32.54,
            32.43,
            32.35,
            32.4
        ],
        [
            33.2,
            33.2,
            33.2,
            33.2,
            33.2,
            33.3,
            33.28,
            33.42,
            33.26,
            33.5,
            33.74,
            33.81,
            33.83,
            33.56,
            32.91,
            33.11,
            32.7,
            32.55,
            32.78,
            32.94
        ],
        [
            33.2,
            33.2,
            33.2,
            33.2,
            33.2,
            33.2,
            33.2,
            33.51,
            33.51,
            33.53,
            33.62,
            33.78,
            33.74,
            33.58,
            32.96,
            33.19,
            32.95,
            32.85,
            32.9,
            32.99
        ],
        [
            33.2,
            33.2,
            33.2,
            33.2,
            33.2,
            33.2,
            33.2,
            33.2,
            33.64,
            33.2,
            33.56,
            33.66,
            33.61,
            33.14,
            32.97,
            33.27,
            33.12,
            33.03,
            33.03,
            33.07
        ],
        [
            33.2,
            33.2,
            33.2,
            33.2,
            33.2,
            33.2,
            33.2,
            33.2,
            33.2,
            33.2,
            34.1,
            34.1,
            34.1,
            33.07,
            32.96,
            33.32,
            33.22,
            33.15,
            33.14,
            33.15
        ],
        [
            33.2,
            33.2,
            33.2,
            33.2,
            33.2,
            33.2,
            33.2,
            33.2,
            33.2,
            -999.0,
            34.1,
            34.1,
            34.1,
            34.1,
            32.92,
            33.4,
            33.33,
            31.8,
            31.81,
            31.81
        ],
        [
            33.2,
            33.2,
            33.2,
            33.2,
            33.2,
            33.2,
            33.2,
            33.2,
            33.2,
            -999.0,
            -999.0,
            34.1,
            34.1,
            32.4,
            33.15,
            31.95,
            31.95,
            31.86,
            31.88,
            31.88
        ],
        [
            32.3,
            32.3,
            32.3,
            32.3,
            32.3,
            32.3,
            32.3,
            32.3,
            32.3,
            32.3,
            -999.0,
            31.5,
            31.5,
            31.5,
            32.93,
            31.89,
            31.9,
            31.81,
            31.83,
            31.84
        ],
        [
            32.3,
            32.3,
            32.3,
            32.3,
            32.3,
            32.3,
            32.3,
            32.3,
            32.3,
            32.3,
            32.3,
            31.99,
            31.5,
            31.5,
            31.5,
            31.82,
            31.84,
            31.76,
            31.79,
            31.81
        ],
        [
            32.3,
            32.3,
            32.3,
            32.3,
            32.3,
            32.3,
            32.3,
            32.3,
            32.3,
            32.3,
            31.8,
            31.85,
            31.78,
            31.71,
            31.79,
            31.17,
            31.12,
            31.21,
            31.44,
            31.43
        ],
        [
            32.3,
            32.3,
            32.3,
            32.3,
            32.3,
            32.3,
            32.3,
            32.3,
            32.3,
            32.3,
            31.96,
            31.86,
            31.75,
            31.66,
            31.49,
            31.39,
            31.35,
            31.32,
            31.3,
            31.29
        ],
        [
            32.3,
            32.3,
            32.3,
            32.3,
            32.3,
            32.3,
            32.3,
            32.3,
            32.3,
            32.1,
            31.99,
            31.87,
            31.74,
            31.51,
            31.5,
            31.4,
            31.34,
            31.31,
            31.29,
            31.28
        ],
        [
            32.3,
            32.3,
            32.3,
            32.3,
            32.3,
            32.3,
            32.3,
            32.3,
            32.23,
            32.14,
            31.92,
            31.81,
            31.56,
            31.5,
            31.41,
            31.36,
            31.32,
            31.29,
            31.27,
            31.26
        ],
        [
            31.82,
            31.83,
            31.84,
            31.87,
            31.89,
            31.94,
            32.0,
